title,douban_id,douban_url,cover,rating,date,status,status_label,tags,comment,intro,category
呼啸山庄: 插图珍藏版,35703541,https://book.douban.com/subject/35703541/,/covers/books/35703541.jpg,5,"2026-03-27
      读过",collect,读过,,"When you go down, you’ll take me down with you. Love happens when two find themselves belonging to the same camp.",,book
捕云记,37383716,https://book.douban.com/subject/37383716/,/covers/books/37383716.jpg,4,"2026-02-23
      读过",collect,读过,,请一定看到最后,,book
蝲蛄吟唱的地方,34813209,https://book.douban.com/subject/34813209/,/covers/books/34813209.jpg,4,"2026-01-28
      读过",collect,读过,,自然不是正义的，但是坦诚的。在被偏见挤压在人类社会小小角落的时刻，哪怕它带着被赋予”正义”的名字，她需要的也只是小猫本身流露出的那些坦诚。,,book
Intermezzo,36800155,https://book.douban.com/subject/36800155/,/covers/books/36800155.jpg,5,"2025-11-02
      读过",collect,读过,,克服了上部几乎所有局限，她的写作在这部变得异常成熟，她对场景的把控力、对人物的塑造力、对细节的描述力、对生活的感受力，塑造出了最复杂、最透彻、又从读者角度看来最不陌生的5个人。虽然结尾泄气还是有点快，but who am i to judge? could i make better decisions? 或者说，我们真的想看到解法吗？私认为写到这一步没有任何不妥，这仍是我最敬佩她写作的一次。see what happens. go on in any case living.,,book
信仰,37090321,https://book.douban.com/subject/37090321/,/covers/books/37090321.jpg,3,"2025-09-07
      读过",collect,读过,,完成度很低，更像是一本来找灵感的设定集。概念没有特别新，但是注入了一些的女性独特的视点。看过之后觉得这几篇还是从不同的角度围绕一个中心补全：比如退回野人是不是另一种宗教般的信仰、只是从一个规则中跳到另一个规则？“叛逃”是所有篇主人公的共同点，但成功“叛逃”真的帮我们找到乌托邦了吗，还是让我们更加孤独更加困惑，最后不小心落入了“多样性”的美好陷阱？最后还是那个从来都没想清楚的问题，人与人到底如何能够突破隔阂、实现真正的沟通呢？,,book
上海寶貝,1361353,https://book.douban.com/subject/1361353/,/covers/books/1361353.jpg,3,"2025-08-24
      读过",collect,读过,,前半段看得极其兴奋，但愈到结尾愈发觉空洞——如此自恋的宝贝，我们看不到天天，看不到马克，更不必说马当娜与朱砂——两位同样迷人又危险的女人。由始至终书里只有她自己。但她的姿态又放得如此之平，让人觉得生活在她的故事中并没有什么不恰当，并不需要为可能产生的”自己不够格”的想法感到愧疚。我开始庆幸我没有过早地来到这个城市。虽然我可能想永远在这里生活下去。,,book
你的夏天还好吗？,26953294,https://book.douban.com/subject/26953294/,/covers/books/26953294.jpg,4,"2025-08-13
      读过",collect,读过,,姐姐，你知道吗？贫穷好像不是惊天动地一下子就砸下来的灾难，其实贫穷是一种夏季浸在潮湿空气中那种黏腻的感觉。姐姐，我们都有追求幸福的权利，我们都有感受爱的能力，我们都有努力实现自己可笑梦想的心气，有的时候我们也有消费力。但姐姐，贫穷它总是像夏季墙壁缝隙中的虫子一样爬出来，在我搬了新家看到施工队的时候，在我做了指甲穿着高跟鞋爬上山顶打开啤酒罐的时候，在我终于贷款在法语系读完大学却什么也改变不了的时候。姐姐，我确信她会过得很好，我们都会过得很好。但不知什么离我而去，你也看见了吗？,,book
Everything I Know About Love,30381738,https://book.douban.com/subject/30381738/,/covers/books/30381738.jpg,5,"2025-07-27
      读过",collect,读过,,"When being so uncertain and anxious and confused about our twentysomething’s life, all we want is a ‘big sister’ telling us it happens and it’s normal and it’s not your fault. Thank you Dolly Alderton for being her. Means so much to me🫶",,book
小城与不确定性的墙,37016658,https://book.douban.com/subject/37016658/,/covers/books/37016658.jpg,2,"2025-06-02
      读过",collect,读过,,废话连篇，意义不明，只有第一部的结尾稍显动人。,,book
看那些灯光，亲爱的,36514762,https://book.douban.com/subject/36514762/,/covers/books/36514762.jpg,4,"2025-02-15
      读过",collect,读过,,如此轻巧又讽刺的法国味，标题又那么合适恰当,,book
被遗弃的日子,36402171,https://book.douban.com/subject/36402171/,/covers/books/36402171.jpg,5,"2024-12-24
      读过",collect,读过,,“我假装相信他，因此我们会相爱很长时间。”那些那不勒斯出身的女人们，试图遗忘又不经意寻回的童年，在身份的坍塌与重构中觉醒，没有人再有资格指责她们丝毫。,,book
在世界中心呼唤爱,27160601,https://book.douban.com/subject/27160601/,/covers/books/27160601.jpg,2,"2024-11-24
      读过",collect,读过,,爷孙两段爱情没什么实质连接，写的和译的都太表面了。像摘抄集。,,book
村上春树·西班牙,36946658,https://book.douban.com/subject/36946658/,/covers/books/36946658.jpg,1,"2024-11-11
      读过",collect,读过,,,,book
一句顶一万句,36062390,https://book.douban.com/subject/36062390/,/covers/books/36062390.jpg,5,"2024-10-29
      读过",collect,读过,,前半篇自以为通透，谁知后半篇辛辣的短短几句话就给看穿了生活，心里堵，无法旁观嗤笑，反倒有些孤独。“事背后的理拧巴，明明看着不行的事情，大家都要去做，不做倒成了就不对，这就变成了幽默。”,,book
烦人的爱,36104318,https://book.douban.com/subject/36104318/,/covers/books/36104318.jpg,3,"2024-09-22
      读过",collect,读过,,“我那么坚决，想变得与她不同，以至于我失去了一个个像她的理由。”,,book
未来学大会,35330057,https://book.douban.com/subject/35330057/,/covers/books/35330057.jpg,5,"2024-09-16
      读过",collect,读过,,非常喜欢,,book
恋情的终结,26279019,https://book.douban.com/subject/26279019/,/covers/books/26279019.jpg,4,"2024-06-11
      读过",collect,读过,,薄薄一本，却仿佛永远也看不到故事的结尾。推卸责任是比直面事实更容易的事。,,book
幻夜: 东野圭吾作品06,4009552,https://book.douban.com/subject/4009552/,/covers/books/4009552.jpg,,"2024-05-10
      读过",collect,读过,,,,book
凝视太阳,36133765,https://book.douban.com/subject/36133765/,/covers/books/36133765.jpg,4,"2024-05-06
      读过",collect,读过,,拼贴感太强，但很有趣。很惊讶自己浅薄又微不足道的人生思考原来早就被他一一记录。好吧，他甚至预测了大语言模型的出现。提问的过程其实就是回答，你得不到答案，因为没有问题。我们一直生活在亚洲时代。,,book
她过去的爱情,27081782,https://book.douban.com/subject/27081782/,/covers/books/27081782.jpg,3,"2024-04-26
      读过",collect,读过,,得把他写的比喻逐字背诵,,book
一个被出卖的杀手,26284409,https://book.douban.com/subject/26284409/,/covers/books/26284409.jpg,3,"2024-04-16
      读过",collect,读过,,第一次读格林，感觉这部写的太简单了,,book
尚待商榷的爱情,34893656,https://book.douban.com/subject/34893656/,/covers/books/34893656.jpg,4,"2024-04-08
      读过",collect,读过,,他撒起谎来就像一个目击者（小龙在欧洲旅行中读的）,,book
班纳特小姐的自立,24750096,https://book.douban.com/subject/24750096/,/covers/books/24750096.jpg,4,"2024-02-21
      读过",collect,读过,,早期的小姨形象,,book
蛤蟆先生去看心理医生,35143790,https://book.douban.com/subject/35143790/,/covers/books/35143790.jpg,4,"2024-02-05
      读过",collect,读过,,调节自己理解他人,,book
一间自己的房间,36294867,https://book.douban.com/subject/36294867/,/covers/books/36294867.jpg,4,"2024-01-19
      读过",collect,读过,,除了对小说家需“兼备两种性别特质”这个说法不能苟同外（为何不能以本身性别视角出发去拥抱另一性别呢？），整篇稿是多么犀利又真诚啊！“除了那雾以外，他似乎控制操纵每一件事情。然而，他还是发怒了。”“真实就是把一天的日子剥去外皮之后剩下的东西，就是往昔的岁月和我们的爱憎所留下的东西。”莎士比亚的妹妹还活着，她所需要的，只是等候机会，重新回到我们中间来；布朗夫人可以在任何地方出现，因为她是我们赖以生存的灵魂，她就是生活本身。,,book
华丽人生,35602671,https://book.douban.com/subject/35602671/,/covers/books/35602671.jpg,4,"2023-12-29
      读过",collect,读过,,结局让人好开心,,book
终结的感觉,35447383,https://book.douban.com/subject/35447383/,/covers/books/35447383.jpg,5,"2023-12-19
      读过",collect,读过,,,,book
爱妻,35166604,https://book.douban.com/subject/35166604/,/covers/books/35166604.jpg,5,"2023-12-02
      读过",collect,读过,,致那么多说不出口的话和伸不出的手，我们的心灵一定会在noosphere中再度相见。彼时当我望向自己即望透你，触碰自己即感受你。,,book
萨德式女人: 文化史的操练,35490024,https://book.douban.com/subject/35490024/,/covers/books/35490024.jpg,3,"2023-11-30
      读过",collect,读过,,“当心灵看见他人受难时，心灵的利己主义看见自己在受难；由于它能够与他人共情，因此学会了同情；于是心灵稍稍脱离了它的利己主义，暂时与世界相遇。然而预见自己可能会受难，心灵彻底融化，为了自我保护再次退缩到利己主义之中。”文字表述好烂,,book
罪与罚,26374785,https://book.douban.com/subject/26374785/,/covers/books/26374785.jpg,5,"2023-11-20
      读过",collect,读过,,,,book
天黑以后,7056685,https://book.douban.com/subject/7056685/,/covers/books/7056685.jpg,4,"2023-11-06
      读过",collect,读过,,1Q84世界观和写作方式的雏形，从中篇到长篇，把黑暗中的抽象的恶作为邪典显形，主角从寻求暂时的逃避到渴望永恒的契合，村上偷懒了很多也放弃了很多。,,book
永别了，武器,10570915,https://book.douban.com/subject/10570915/,/covers/books/10570915.jpg,4,"2023-11-01
      读过",collect,读过,,很惊讶在如此老派的写作中竟然能看到与当代现实的呼应。几年漫长无意义的战争改变了所有人对生死的看法，生命宝贵，在战争中抓住机会要饱餐喝酒，找到契机要逃离战场，抓捕的前一夜冒着暴风雨从意大利划船逃亡瑞士…看到一点点生存下去、拥有生活的可能，只能尽力抓住，明知一切都会幻灭，死亡终将到来，但还是要抓住机会去活到极致。乱世下存在与虚无同在，活过之后消亡。,,book
小狗钱钱,35295592,https://book.douban.com/subject/35295592/,/covers/books/35295592.jpg,,"2023-10-04
      读过",collect,读过,,小学最喜欢的数学老师送的！,,book
厌女: 增订本,36314870,https://book.douban.com/subject/36314870/,/covers/books/36314870.jpg,5,"2023-10-04
      读过",collect,读过,,太过温柔，泪流满面。「那是A子在给男人标价。”」不知如果狗头萝莉或艾秋能看到这句话，是否会在内心感到一丝丝坚定的温柔。「对！从今以后，不管我干什么，全世界的人都不能指责我了。」你们是与我们交换过约定的“他者”，你们请不要死去啊。,,book
大萝卜和难挑的鳄梨: 村上Radio 2,25982254,https://book.douban.com/subject/25982254/,/covers/books/25982254.jpg,4,"2023-08-29
      读过",collect,读过,,重读这本随笔，真是像手冲咖啡一样缓解焦虑的最佳伴侣。每天或是在收藏中精心选取合适今天心情的咖啡豆，或是根据运气随机挑选，在入口的那一刻都能从豆子中获得不同但极佳的体验。说不定村上写radio连载就像制作手冲咖啡，技巧当然具备，但最重要的可是轻巧的心情。毕竟不论是咖啡或是随笔，在经过一番烹调后总是不错的佐餐产品。,,book
假面的告白,35481695,https://book.douban.com/subject/35481695/,/covers/books/35481695.jpg,3,"2023-08-11
      读过",collect,读过,,“家里人带着若无其事的表情迎接我。说起东京，真是广阔。” 真正打动我的其实是他不经意间写下的简单词句。,,book
人间便利店,28171580,https://book.douban.com/subject/28171580/,/covers/books/28171580.jpg,3,"2023-07-24
      读过",collect,读过,,,,book
失踪的孩子: 那不勒斯四部曲4,30172069,https://book.douban.com/subject/30172069/,/covers/books/30172069.jpg,4,"2023-07-01
      读过",collect,读过,,我日复一日地写作就是为了赋予她形状，塑造她，让她平静下来，这样我也会平静下来。,,book
离开的，留下的: 那不勒斯四部曲3,27104959,https://book.douban.com/subject/27104959/,/covers/books/27104959.jpg,4,"2023-06-26
      读过",collect,读过,,“莱农，我是一个飘飘。”笑了三天了,,book
新名字的故事: 那不勒斯四部曲2,26986954,https://book.douban.com/subject/26986954/,/covers/books/26986954.jpg,5,"2023-06-23
      读过",collect,读过,,摆脱了些第一部的卖弄，这部完全剩下了真诚。真正的、完完全全的女性视角，如何带着自己出发，走向这个肮脏、混乱、可悲又新奇的世界。,,book
我的天才女友: 那不勒斯四部曲1,26878124,https://book.douban.com/subject/26878124/,/covers/books/26878124.jpg,4,"2023-06-13
      读过",collect,读过,,,,book
没有女人的男人们,26286208,https://book.douban.com/subject/26286208/,/covers/books/26286208.jpg,5,"2023-06-05
      读过",collect,读过,,无论在什么情况下，知都胜于无知。不管带来多么剧烈的痛苦，都必须知道那个。人只有通过知道才能坚强起来。村上在这部中为什么选择把情感写得那么实？从第一篇到最后一篇，滨口是那个完全抓住村上想要呈现的各种语境（situation）的人。,,book
"Beautiful World, Where Are You",35324428,https://book.douban.com/subject/35324428/,/covers/books/35324428.jpg,4,"2023-03-08
      读过",collect,读过,,缺点在写作本身：用了她不太擅长的剧本写作技巧，把很多很多环境和气氛写的繁冗多余（unlike伍尔夫）。人物动机模糊，心理剖析又太直接太明显，看下来只觉得人物塑造有些直白幼稚，最后两封信的结局让人失望至极。但也许是她的心态变化，I know I am always angry about everything and I fucking hate myself. But what if the ultimate meaning of life is just about love and care? What if? 是这种感觉让人潸然，但好像也看到了她当前写作跳不出的困境：it’s all sentimental.,,book
鹿川有许多粪,35517022,https://book.douban.com/subject/35517022/,/covers/books/35517022.jpg,4,"2023-01-05
      读过",collect,读过,,文字本身给的太直又太实，好在视点选的太精妙，每一篇读下来都让人身临其境地体会东亚共同叙事下的微小个体（同一个视点的不同横切面），整本读起来算是渐入佳境。好在最后一篇《天灯》实在太动人，且最打动我的除了面对十字架的“第一人称单数”忏悔，还有拷问外的刑警看起来意外地“友好而淳朴”，以及永远无法忘记的，在运动圈学姐发表慷慨演讲时，游离在一边的信惠实实在在地想吃披萨。这是生活中真实具有的那种错综复杂性。,,book
弱者的武器: 农民反抗的日常形式,2030855,https://book.douban.com/subject/2030855/,/covers/books/2030855.jpg,,"2022-10-30
      读过",collect,读过,,,,book
新大西岛,21360299,https://book.douban.com/subject/21360299/,/covers/books/21360299.jpg,,"2022-10-16
      读过",collect,读过,,,,book
Toward a Feminist Theory of the State,2561621,https://book.douban.com/subject/2561621/,/covers/books/2561621.jpg,4,"2022-10-03
      读过",collect,读过,,“Rape appears more a crime against female monogamy than against female sexuality.” Everyone just needs to be radical.,,book
Fortunes of Feminism: From State-Managed Capitalism to Neoliberal Crisis,11412120,https://book.douban.com/subject/11412120/,/covers/books/11412120.jpg,4,"2022-10-03
      读过",collect,读过,,"A historical review on the three phases of capitalism’s development: liberal, state-managed, and globalizing financialized capitalism. She comes to the conclusion that the “crisis of care” has been existing through the history of capitalism, while taking on different forms at each phase:“separate spheres” “family wage”“two-earner family”.",,book
偶像失格,35680099,https://book.douban.com/subject/35680099/,/covers/books/35680099.jpg,5,"2022-10-01
      读过",collect,读过,,经历和我最好的朋友太像了，我无法做出任何评价。,,book
金阁寺,35419301,https://book.douban.com/subject/35419301/,/covers/books/35419301.jpg,5,"2022-08-03
      读过",collect,读过,,赵州认为南泉斩猫无用，是认为美的恶根并不会因为被强行毁灭而消失。美的外部虽被毁去，内在却是永恒的。美永恒，恶永恒，人被美所折磨，是不可战胜的宿命。柏木说唯有认知能让世界的形态永恒不变或做出改变，天皇的象征化也因认知使日本民族遭遇文化上的断裂和民族精神的覆灭。唯有以行动对抗认知，美是宿敌，纯度越高，就越要用行动将其烧毁。,,book
六个道德故事,34940772,https://book.douban.com/subject/34940772/,/covers/books/34940772.jpg,,"2022-08-03
      读过",collect,读过,,,,book
流动的盛宴,26718734,https://book.douban.com/subject/26718734/,/covers/books/26718734.jpg,4,"2022-07-22
      读过",collect,读过,,"印象最深的是génération perdue和海明威评论陀氏：How can a man write so badly, so unbelievably badly, and make you feel so deeply? 从与菲茨杰拉德相见往后愈发精彩，初见/旅行/体温计/他的尺寸。最后雪山开始又结束的日子是全书最动人的部分：引水鱼的到来结束了巴黎第一阶段的幸福生活，巴黎永远是值得你去的，but this is how Paris was in the early days when we were very poor and very happy.",,book
腹語術: Ventriloquy,3287781,https://book.douban.com/subject/3287781/,/covers/books/3287781.jpg,5,"2022-06-16
      读过",collect,读过,,,,book
局外人,4908885,https://book.douban.com/subject/4908885/,/covers/books/4908885.jpg,5,"2022-05-18
      读过",collect,读过,,麻木是不道德吗？冷漠是灵魂败坏吗？毫无辩解的必要和精力，我们就在这样的地方生存。我站在法庭上，既不愧疚也不想忏悔。我什么都不相信，一切都无所谓了。我们就这样活着。,,book
1Q84 BOOK 3: 10月～12月,5502995,https://book.douban.com/subject/5502995/,/covers/books/5502995.jpg,3,"2022-02-07
      读过",collect,读过,,多少有点看不过去了，是不是第一部写得太宏大，第二部写得太真挚，耗尽了大部分才华，才导致第三部如编辑催稿凑字数般呈现得如此仓促又冗余？青豆与天吾的相逢是这个世界存在的地核，但地核必须被大量历史、逻辑与事实的佐证包裹，而不是尽力填满世界的每一个缝隙。1Q84（或仓促凑出来的“猫城”）构成的必备元素，深绘里、小松、戎野老师、中野亚由美；NHK收款员父亲、安达久美、年长的女朋友，他们到底要向读者揭示些什么呢？以及最关键的元问题：“先驱”是如何走向邪教的？这些部分被人为地忽略了，这也许是留在读者心中再也无法填补的缺口了。,,book
1Q84 BOOK 2: 7月～9月,4885241,https://book.douban.com/subject/4885241/,/covers/books/4885241.jpg,5,"2022-01-22
      读过",collect,读过,,我想让你帮我驱走身体深处的寒气，然后进入我的体内，缓缓地直抵深处。,,book
1Q84 BOOK 1: 4月～6月,4742918,https://book.douban.com/subject/4742918/,/covers/books/4742918.jpg,4,"2022-01-16
      读过",collect,读过,,村上通过平行叙事中的微小连结建构世界观的能力十分强大。虽然这部野心勃勃地勾连起历史与现实，故事的内核却仍然是灵魂的彼此追寻。它对我有太过重大的意义，但不得不承认，村上一直在试图用隐喻去替代对细节的文学性描写，这在《海边的卡夫卡》中取得的效果是顶级绝佳的。但是在《1Q84 1》中，故事充满了现实性特征，大幅隐喻被直接的现实历史填充，他在拼贴历史的过程中，衔接文本的文笔变得幼稚了许多。然而，虽然《世冷》《海》《挪》等私认为他的顶级作品文笔非常非常灵，但《1Q84》比这些都要真诚太多太多。,,book
雪国: 川端康成作品01,24736899,https://book.douban.com/subject/24736899/,/covers/books/24736899.jpg,4,"2021-11-28
      读过",collect,读过,,,,book
美的历程,3410718,https://book.douban.com/subject/3410718/,/covers/books/3410718.jpg,,"2021-11-03
      读过",collect,读过,,,,book
蒙面骑士: 墨西哥副司令马科斯文集,1790005,https://book.douban.com/subject/1790005/,/covers/books/1790005.jpg,5,"2021-10-28
      读过",collect,读过,,所有遭排斥的人们 寻找着自己的语词 令强势群体分崩离析 马科斯就是所有那些令权力和良知不适的人,,book
读库2104,35479692,https://book.douban.com/subject/35479692/,/covers/books/35479692.jpg,4,"2021-10-26
      读过",collect,读过,,想不到在本年度读库中能看到赛博朋克这样的文章,,book
Conversations With Friends,27011718,https://book.douban.com/subject/27011718/,/covers/books/27011718.jpg,5,"2021-10-09
      读过",collect,读过,,When Dad treated Mom like shit she had formed the subconscious that being loved was being abused and the way to love someone was to hurt them badly. Every sexual scenario made me feel real and choked. Some made me come. “You live through certain things before you understand them. You can’t always take the analytical position. Come and get me.”,,book
The European Union,22001485,https://book.douban.com/subject/22001485/,/covers/books/22001485.jpg,3,"2021-10-02
      读过",collect,读过,,,,book
克拉拉与太阳,35315153,https://book.douban.com/subject/35315153/,/covers/books/35315153.jpg,4,"2021-09-04
      读过",collect,读过,,想不到石黑一雄呈现出的竟是这样的文字 温柔又冷峻 机器人视角的疏离 还有孤独 克拉拉认为人的独特性是被他人建构出来的 但她永远不会理解什么是自私和自我欺骗,,book
萤,3928881,https://book.douban.com/subject/3928881/,/covers/books/3928881.jpg,4,"2021-08-08
      读过",collect,读过,,还是喜欢那篇《盲柳与睡女》 在迷惘的时候打发时间,,book
密室收藏家,26348596,https://book.douban.com/subject/26348596/,/covers/books/26348596.jpg,3,"2021-08-08
      读过",collect,读过,,穿越时空的超现实帅气克里斯马 可是这个文笔…本格意味着这么差的文笔吗/摔倒,,book
圣女的救济,26906797,https://book.douban.com/subject/26906797/,/covers/books/26906797.jpg,3,"2021-07-19
      读过",collect,读过,,是我喜欢的那类女性主义作品 男性凝视下无法反抗的女性利用最极端的手段赋予自身选择权 这是唯有女性才能办到的作案手法 凭借其独有的聪慧 细心与耐心,,book
娜塔莎之舞: 俄罗斯文化史,27619602,https://book.douban.com/subject/27619602/,/covers/books/27619602.jpg,5,"2021-06-27
      读过",collect,读过,,,,book
世界尽头与冷酷仙境,2158161,https://book.douban.com/subject/2158161/,/covers/books/2158161.jpg,5,"2021-04-12
      读过",collect,读过,,《挪威的森林》前一本 超现实系列的最爱,,book
使民主运转起来: 现代意大利的公民传统,26309057,https://book.douban.com/subject/26309057/,/covers/books/26309057.jpg,4,"2021-03-22
      读过",collect,读过,,,,book
人、国家与战争,11519519,https://book.douban.com/subject/11519519/,/covers/books/11519519.jpg,4,"2021-03-05
      读过",collect,读过,,主题非常明确，一旦理清逻辑关系就蛮通顺，不想跟翻译缠斗了，这是非必要情况下读的最后一本专业译著,,book
黑暗时代三女哲: 施泰因、阿伦特、韦伊评传,30489678,https://book.douban.com/subject/30489678/,/covers/books/30489678.jpg,3,"2021-03-01
      读过",collect,读过,,,,book
挪威的森林,26780280,https://book.douban.com/subject/26780280/,/covers/books/26780280.jpg,5,"2021-02-20
      读过",collect,读过,,曾经第一次读村上竟是赖明珠,,book
海边的卡夫卡,30144095,https://book.douban.com/subject/30144095/,/covers/books/30144095.jpg,5,"2021-02-20
      读过",collect,读过,,melancholic 十五岁第一次读 与田村卡夫卡君同岁；二十岁第二次读 对于二十岁的我略微有些说教 新版的封面接受之后倒是越看越顺眼；第32-33章相当出色 足够触动 足够悲伤 意识到时已经泪流满面,,book
苏格拉底的申辩,2170983,https://book.douban.com/subject/2170983/,/covers/books/2170983.jpg,4,"2021-02-16
      读过",collect,读过,,,,book
东京奇谭集,1848256,https://book.douban.com/subject/1848256/,/covers/books/1848256.jpg,,"2021-02-08
      读过",collect,读过,,,,book
遇見100%的女孩,1341021,https://book.douban.com/subject/1341021/,/covers/books/1341021.jpg,4,"2021-02-08
      读过",collect,读过,,哈！曾经读的是这个版本！,,book
一首小夜曲,26687879,https://book.douban.com/subject/26687879/,/covers/books/26687879.jpg,3,"2021-02-07
      读过",collect,读过,,怎么感觉日本当代小说都在往一个方向用力啊 一直在强调“画面感” 映画的技巧直接搬进小说用 一点都不巧妙 看了翻白眼罢了！还有这部的各种“缘分” 其实都归咎于地方小圈子小 什么事情的在场者都是一批人 这不就是我的成长经历嘛 什么“哥哥朋友的爸爸是妈妈同事”“看演唱会认识的网友是初中朋友的高中同学”云云 说是“缘分”也太过夸张了吧！,,book
舞！舞！舞！,2174010,https://book.douban.com/subject/2174010/,/covers/books/2174010.jpg,5,"2021-02-04
      读过",collect,读过,,如此快地读完了第二遍 他的文字拥有优雅的性感 一如他的生活方式 是在“高度发达的资本主义社会”对自我主体性的一种坚持 哪怕所有人都会化成白骨 在成为白骨之前 要跳要舞 尽管按照自己的步伐 跳得别人心服口服 于是便不再需要回到月亮上去 而得以留在这边的世界 留在结尾温暖的确信的现实 / 喜欢雪 从各种意义上 / 读书的时候重新听了书中的唱片 大门 滚石 沙滩男孩 施莱和斯通兄弟,,book
时尚的启迪: 关键思想家导读,35240700,https://book.douban.com/subject/35240700/,/covers/books/35240700.jpg,3,"2021-01-29
      读过",collect,读过,,,,book
青春咖啡馆,26844526,https://book.douban.com/subject/26844526/,/covers/books/26844526.jpg,5,"2021-01-15
      读过",collect,读过,,比起不同视角的叙事 更像是摄像机对一个定点的放大放大再放大；露姬让人想起《过境》中幽灵般的红色身影 她穿梭于不同主体的时间与空间中 或者说涉及她的时间与空间被混淆了 她是其他人对自身空虚与忧愁的外现 就像巴黎的中立地区 像黑洞发出的光；正如她的名字louki（lux）光明的发出者竟是黑洞 她就是虚无本身,,book
春宵苦短，少女前進吧！: 森見登美彥作品集1,3920144,https://book.douban.com/subject/3920144/,/covers/books/3920144.jpg,3,"2021-01-09
      读过",collect,读过,,真的好可爱啊 台版翻译更可爱了 看完感觉自己都变可爱了,,book
呼吸,34672176,https://book.douban.com/subject/34672176/,/covers/books/34672176.jpg,4,"2020-12-27
      读过",collect,读过,,02 / 09,,book
一人称単数,35089152,https://book.douban.com/subject/35089152/,/covers/books/35089152.jpg,4,"2020-12-23
      读过",collect,读过,,对60年代的碎片化记忆 披头士 养乐多燕子队 肯尼迪遇刺 一些标志性的符号构成了村上看世界的眼光 当然还有曼妙的 年青的女孩 感觉自己的心境在村上这里用一句话就被诠释了啊：“对不起，我卖的是黑啤酒。”,,book
大分流: 欧洲、中国及现代世界经济的发展,1070147,https://book.douban.com/subject/1070147/,/covers/books/1070147.jpg,3,"2020-11-17
      读过",collect,读过,,这翻译的是个啥破玩意,,book
政治秩序的起源: 从前人类时代到法国大革命,25971624,https://book.douban.com/subject/25971624/,/covers/books/25971624.jpg,,"2020-11-17
      读过",collect,读过,,想起某院教授论证逻辑，先破再吹（有时是有道理地瞎吹），福山是同样的,,book
Crony Capitalism: Corruption and Development in South Korea and the Philippines,10437683,https://book.douban.com/subject/10437683/,/covers/books/10437683.jpg,4,"2020-11-15
      读过",collect,读过,,,,book
裙带资本主义: 韩国和菲律宾的腐败与发展,27089750,https://book.douban.com/subject/27089750/,/covers/books/27089750.jpg,4,"2020-11-15
      读过",collect,读过,,写得蛮有意思的嗷 但后半部分没啥信服力 菲律宾度过金融危机的原因应该不是腐败得到遏制，而是投资与市场规模小？毕竟现在还差韩国这么多,,book
罗盘与风向标: 外交官的分析技艺,30199055,https://book.douban.com/subject/30199055/,/covers/books/30199055.jpg,3,"2020-11-09
      读过",collect,读过,,,,book
野草,1915958,https://book.douban.com/subject/1915958/,/covers/books/1915958.jpg,,"2020-11-06
      读过",collect,读过,,,,book
彷徨,1449348,https://book.douban.com/subject/1449348/,/covers/books/1449348.jpg,,"2020-11-06
      读过",collect,读过,,,,book
故事新编,2046909,https://book.douban.com/subject/2046909/,/covers/books/2046909.jpg,,"2020-11-06
      读过",collect,读过,,,,book
国家为什么会失败,26388427,https://book.douban.com/subject/26388427/,/covers/books/26388427.jpg,1,"2020-10-12
      读过",collect,读过,,“广纳性制度”和“汲取性制度”的概念被提出却未被确切界定，便一直在进行前后矛盾的论述。,,book
夜半撞车,1067570,https://book.douban.com/subject/1067570/,/covers/books/1067570.jpg,4,"2020-08-11
      读过",collect,读过,,2020.8.11凌晨重读 曾经没有读懂，重读在凌晨有灵魂出窍之感，蒙太奇般审视过去的人生，在午夜巴黎街头同那只狗，“永恒轮回”竟有一种重生感。,,book
漫长的告别: 插图珍藏版,30316475,https://book.douban.com/subject/30316475/,/covers/books/30316475.jpg,4,"2020-08-04
      读过",collect,读过,,他发明了一种全新的描述美国的方式，就像黑色电影中的洛杉矶。正如其主人公马洛有一双能看透都市社会本质的冷眼。,,book
使民主运转起来: 现代意大利的公民传统,1081334,https://book.douban.com/subject/1081334/,/covers/books/1081334.jpg,4,"2020-07-07
      读过",collect,读过,,,,book
让民主归位,26219065,https://book.douban.com/subject/26219065/,/covers/books/26219065.jpg,,"2020-07-04
      读过",collect,读过,,,,book
论人类不平等的起源和基础,1657455,https://book.douban.com/subject/1657455/,/covers/books/1657455.jpg,4,"2020-06-30
      读过",collect,读过,,的确有圈粉潜质..,,book
利维坦,1468426,https://book.douban.com/subject/1468426/,/covers/books/1468426.jpg,5,"2020-06-30
      读过",collect,读过,,从霍布斯式的现代恐惧人格，到洛克为保护和积累私有财产形成的“资本主义精神”，再到卢梭批判的布尔乔亚，最后到尼采笔下的“末人”，由霍布斯播下的现代性精神的种子，已逐渐在现代社会生根发芽，成为现代文明的主导气质。,,book
政府论（下篇）,1454687,https://book.douban.com/subject/1454687/,/covers/books/1454687.jpg,3,"2020-06-27
      读过",collect,读过,,布尔乔亚的国家留下的是对文明的不满,,book
耶鲁大学公开课 : 政治哲学,26278816,https://book.douban.com/subject/26278816/,/covers/books/26278816.jpg,5,"2020-06-26
      读过",collect,读过,,太好看了！准备入手系列全套了！// “宽容达到一定程度后就不再是宽容，而是变成一种温和的虚无主义；这种虚无主义能将自由完全扩展到一切事物上，恰是因为它对待任何事情都不再严肃？这难道真的是宽容，还是说只不过是某种渐渐厌倦了追求真理和判断的正确标准的堕落呢？这里就存在着一种危险：无限的宽容将滋长理智的消极被动性，以及对一切观点（无论肮脏、卑劣还是疯狂的）不加批判的接受。”,,book
千年一叹,1020241,https://book.douban.com/subject/1020241/,/covers/books/1020241.jpg,2,"2020-06-19
      读过",collect,读过,,,,book
权力与相互依赖,10432354,https://book.douban.com/subject/10432354/,/covers/books/10432354.jpg,3,"2020-06-16
      读过",collect,读过,,,,book
论民主,10770260,https://book.douban.com/subject/10770260/,/covers/books/10770260.jpg,3,"2020-06-16
      读过",collect,读过,,罗伯特达尔的“多元民主”理论 入门书籍,,book
政治学,1056867,https://book.douban.com/subject/1056867/,/covers/books/1056867.jpg,4,"2020-06-07
      读过",collect,读过,,,,book
尼各马可伦理学,1051943,https://book.douban.com/subject/1051943/,/covers/books/1051943.jpg,,"2020-06-07
      读过",collect,读过,,,,book
会饮篇,21570668,https://book.douban.com/subject/21570668/,/covers/books/21570668.jpg,5,"2020-05-28
      读过",collect,读过,,,,book
恶之花,3662216,https://book.douban.com/subject/3662216/,/covers/books/3662216.jpg,5,"2020-05-12
      读过",collect,读过,,绝版了 sad,,book
中国现代国家的起源,25750468,https://book.douban.com/subject/25750468/,/covers/books/25750468.jpg,,"2020-05-11
      读过",collect,读过,,举精英的例子论述国家建构constitutional agenda（人们的意愿）是不是合理呢？,,book
经济落后的历史透视,20271281,https://book.douban.com/subject/20271281/,/covers/books/20271281.jpg,,"2020-05-11
      读过",collect,读过,,,,book
房思琪的初恋乐园,27614904,https://book.douban.com/subject/27614904/,/covers/books/27614904.jpg,5,"2020-05-08
      读过",collect,读过,,前两天崩溃了跟妈妈聊天，她说你能不能不去读那些书，我说不行，她说你明知道有些书会给你带来痛苦你偏要去读，我说我偏要去。想起菲茨杰拉德说不是所有人都有同你一样的优势，不是所有人都能跳入梦境选择不出来，不是所有人都有自己可以躲进去的封闭空间，这场梦成全了我，这场梦也在吞噬我。,,book
人应该如何生活: 柏拉图《王制》释义,4190173,https://book.douban.com/subject/4190173/,/covers/books/4190173.jpg,4,"2020-05-05
      读过",collect,读过,,有很多想法，很有魅力，但每个想法都写得太浅了，也许是施派师传写法？作为初学者我还不具备把其中的想法之一拎出来理清楚的能力。,,book
伤逝,1157014,https://book.douban.com/subject/1157014/,/covers/books/1157014.jpg,5,"2020-04-28
      读过",collect,读过,,二人因爱的冲动而结合，但涓生能够站在爱情之上，子君拥有的只是爱。这段关系表面上由涓生一人完全主导，但如果从子君的视角看，她更像是主导了自己的命运，从激烈的爱，到延续的生活，到分离后的死。涓生像是陷入迷失，子君的缺席更将迷失深化为虚空，最后他在悔恨与悲哀中用谎言推卸责任，用遗忘麻痹自己。所以说什么是新思想？到底哪些人真正拥有新思想？新思想是名词的传递吗？涓生启蒙给子君的，和子君为了爱奋不顾身的，到底何者更像新思想呢？,,book
伪装学渣,34429608,https://book.douban.com/subject/34429608/,/covers/books/34429608.jpg,,"2020-04-21
      读过",collect,读过,,纯搞笑,,book
解藥: （全四冊）,30378711,https://book.douban.com/subject/30378711/,/covers/books/30378711.jpg,4,"2020-04-21
      读过",collect,读过,,,,book
一个钢镚儿: 第一册,30340128,https://book.douban.com/subject/30340128/,/covers/books/30340128.jpg,,"2020-04-21
      读过",collect,读过,,,,book
镇魂,33456675,https://book.douban.com/subject/33456675/,/covers/books/33456675.jpg,3,"2020-04-21
      读过",collect,读过,,,,book
格格不入,26781333,https://book.douban.com/subject/26781333/,/covers/books/26781333.jpg,4,"2020-04-21
      读过",collect,读过,,,,book
狼行成双,26375993,https://book.douban.com/subject/26375993/,/covers/books/26375993.jpg,,"2020-04-21
      读过",collect,读过,,,,book
撒野 2,33413575,https://book.douban.com/subject/33413575/,/covers/books/33413575.jpg,4,"2020-04-21
      读过",collect,读过,,,,book
撒野,30336340,https://book.douban.com/subject/30336340/,/covers/books/30336340.jpg,4,"2020-04-21
      读过",collect,读过,,,,book
笃定: You are My Sunshine,6960951,https://book.douban.com/subject/6960951/,/covers/books/6960951.jpg,,"2020-04-21
      读过",collect,读过,,,,book
曾有你的天气: The Weather with You,6539691,https://book.douban.com/subject/6539691/,/covers/books/6539691.jpg,,"2020-04-21
      读过",collect,读过,,,,book
声息2,3684715,https://book.douban.com/subject/3684715/,/covers/books/3684715.jpg,,"2020-04-21
      读过",collect,读过,,,,book
是日夏茗,4138939,https://book.douban.com/subject/4138939/,/covers/books/4138939.jpg,,"2020-04-21
      读过",collect,读过,,,,book
声息,3594782,https://book.douban.com/subject/3594782/,/covers/books/3594782.jpg,,"2020-04-21
      读过",collect,读过,,,,book
尘埃眠于光年,6436284,https://book.douban.com/subject/6436284/,/covers/books/6436284.jpg,,"2020-04-21
      读过",collect,读过,,,,book
陪你到世界终结,5300296,https://book.douban.com/subject/5300296/,/covers/books/5300296.jpg,,"2020-04-21
      读过",collect,读过,,,,book
8分钟的温暖,3810672,https://book.douban.com/subject/3810672/,/covers/books/3810672.jpg,,"2020-04-21
      读过",collect,读过,,,,book
再见，冥王星,3364858,https://book.douban.com/subject/3364858/,/covers/books/3364858.jpg,,"2020-04-21
      读过",collect,读过,,好狗血 但原来真的看哭了,,book
日界线,4246952,https://book.douban.com/subject/4246952/,/covers/books/4246952.jpg,,"2020-04-21
      读过",collect,读过,,,,book
三年K班,4766405,https://book.douban.com/subject/4766405/,/covers/books/4766405.jpg,,"2020-04-21
      读过",collect,读过,,高一和闺蜜在kindle上看的 最后他们两个都去复旦了 真美好啊,,book
没有人给他写信的上校,20392523,https://book.douban.com/subject/20392523/,/covers/books/20392523.jpg,4,"2020-04-10
      读过",collect,读过,,厌恶等待但我不得不每天满怀期望地等待 绝望的心境让我如何保持尊严,,book
岛,3673651,https://book.douban.com/subject/3673651/,/covers/books/3673651.jpg,,"2020-04-10
      读过",collect,读过,,十三岁的时候很爱读 现在很难再被打动了,,book
穿PRADA的女魔,6560215,https://book.douban.com/subject/6560215/,/covers/books/6560215.jpg,3,"2020-04-10
      读过",collect,读过,,,,book
外婆的道歉信,27029890,https://book.douban.com/subject/27029890/,/covers/books/27029890.jpg,3,"2020-04-10
      读过",collect,读过,,朋友送的书 没太大意思 书中附赠的一封信有点感人,,book
堂吉诃德,1880991,https://book.douban.com/subject/1880991/,/covers/books/1880991.jpg,4,"2020-04-10
      读过",collect,读过,,,,book
斯佳丽: 斯佳丽 乱世佳人续集,2194050,https://book.douban.com/subject/2194050/,/covers/books/2194050.jpg,,"2020-04-09
      读过",collect,读过,,突然想起这本续集 多希望这个结局是真的,,book
到灯塔去,3402999,https://book.douban.com/subject/3402999/,/covers/books/3402999.jpg,4,"2020-04-08
      读过",collect,读过,,捕捉游离的思绪，放开，再捕捉，再放开。思维的堆叠与跳接——时而返回，再回到眼前，同时勾起了个人的思绪跳转。拉姆齐夫人可以作为元人物，她的核心性格？饱满了吗？或者说她本身的存在就决定性影响了他人的存在，或者是拯救者，对于拉姆齐先生，对于莉丽，对于她的画。,,book
艾伦·图灵传: 如谜的解谜者,10522003,https://book.douban.com/subject/10522003/,/covers/books/10522003.jpg,,"2020-04-05
      读过",collect,读过,,高中开学第一天读的,,book
浪漫派的艺术,3684235,https://book.douban.com/subject/3684235/,/covers/books/3684235.jpg,4,"2020-04-03
      读过",collect,读过,,,,book
Letter from an Unknown Woman: The Fowler Snared,4108901,https://book.douban.com/subject/4108901/,/covers/books/4108901.jpg,5,"2020-03-29
      读过",collect,读过,,读这本的时候没有在暗恋（好像），可还是被震撼。现在想想也很感慨，暗恋中的人总是用放大镜审视自己的内心，特别是病态暗恋，转换成文字触目惊心，在自己（以及感同身受的人）看来有一种激情甚至是近似高潮的受虐快感。尽管表面上什么都没有发生。,,book
The Painted Veil,3469924,https://book.douban.com/subject/3469924/,/covers/books/3469924.jpg,4,"2020-03-29
      读过",collect,读过,,It’s never a love story but a woman’s growth,,book
新教伦理与资本主义精神,4746104,https://book.douban.com/subject/4746104/,/covers/books/4746104.jpg,4,"2020-03-29
      读过",collect,读过,,一个全新的视角去理解资本主义精神，可以说是精神和信仰的力量与世俗文明冲撞并逐渐融入后者的产物。禁欲主义——理性、合理地安排世俗生活与工作，从事获利活动+限制消费导致财富的积累，随着财富的增加再导致宗教精神的逐渐泯灭，留下的便是完全功利的资本主义精神。另外，本书也为理解中产阶级的精神、品性与社会地位提供了一个文化切面。本应该在高中就读完的书真的不该拖到今天的。,,book
高老头,1119528,https://book.douban.com/subject/1119528/,/covers/books/1119528.jpg,4,"2020-03-25
      读过",collect,读过,,唉,,book
柏拉图全集第一卷[增订版]: 申辩篇、克里托篇、斐多篇,26671295,https://book.douban.com/subject/26671295/,/covers/books/26671295.jpg,3,"2020-03-24
      读过",collect,读过,,,,book
冬牧场,10522856,https://book.douban.com/subject/10522856/,/covers/books/10522856.jpg,4,"2020-03-24
      读过",collect,读过,,就跟着作者傻乐,,book
理想国,1004821,https://book.douban.com/subject/1004821/,/covers/books/1004821.jpg,4,"2020-03-23
      读过",collect,读过,,读到最后成了寓言 第七卷好通透,,book
电影导论,27167325,https://book.douban.com/subject/27167325/,/covers/books/27167325.jpg,5,"2020-03-18
      读过",collect,读过,,再给老师刷一下分，不提私心的话也是满分。语言非常平易近人，是在平等探讨而不是卖弄文字 ，真的是很喜欢老师了。,,book
四百击: 安托万·杜瓦内尔的冒险,28355841,https://book.douban.com/subject/28355841/,/covers/books/28355841.jpg,,"2020-03-15
      读过",collect,读过,,封皮背面竟然还有惊喜！,,book
罗生门,3136271,https://book.douban.com/subject/3136271/,/covers/books/3136271.jpg,4,"2020-03-12
      读过",collect,读过,,浮世绘与灵感源泉,,book
弗兰肯斯坦,2042631,https://book.douban.com/subject/2042631/,/covers/books/2042631.jpg,4,"2020-03-10
      读过",collect,读过,,,,book
广岛之恋,1400707,https://book.douban.com/subject/1400707/,/covers/books/1400707.jpg,5,"2020-03-08
      读过",collect,读过,,折磨我 吞噬我 讓我變形 讓我窒息 你害了我 你對我真好 我不會懷疑 我有時間 Hiroshima mon amour,,book
刀锋,2035162,https://book.douban.com/subject/2035162/,/covers/books/2035162.jpg,4,"2020-03-08
      读过",collect,读过,,虽然算是二流作家的二流小说，但故事实在是精彩。从各位角色身上这里学一点，那里学一点，也算是在拥有满意人生方面有了进步吧。,,book
欧洲文明史,1448236,https://book.douban.com/subject/1448236/,/covers/books/1448236.jpg,3,"2020-03-04
      读过",collect,读过,,,,book
莎乐美,3129584,https://book.douban.com/subject/3129584/,/covers/books/3129584.jpg,5,"2020-02-29
      读过",collect,读过,,我如恶魔般缠绕你、吞噬你、撕裂你，我是病态的；我如天使般望向你、供奉你、爱上你，我是纯洁的。鲜红与洁白、欲望与禁忌、邪恶与圣洁为什么不能并存，人们应该只考虑爱情。,,book
天下体系: 世界制度哲学导论,6963252,https://book.douban.com/subject/6963252/,/covers/books/6963252.jpg,3,"2020-02-21
      读过",collect,读过,,有点像宗教，而且总感觉逻辑上有些奇怪，整个逻辑结构与现代国际关系分析的逻辑是冲突对立的，对中西方政治分析模式过于双标了；很有野心，画了个大饼，作者本身在实践操作可行性上的观点就很暧昧，不是严谨社科研究的正确态度，更像是民科或者民哲。,,book
A Student's Guide to Political Philosophy,2968438,https://book.douban.com/subject/2968438/,/covers/books/2968438.jpg,5,"2020-02-19
      读过",collect,读过,,,,book
伯罗奔尼撒战争史（上下）,1439441,https://book.douban.com/subject/1439441/,/covers/books/1439441.jpg,,"2020-02-18
      读过",collect,读过,,阅读感觉就是非常累,,book
邓小平时代,20424526,https://book.douban.com/subject/20424526/,/covers/books/20424526.jpg,5,"2020-02-13
      读过",collect,读过,,终于…外交部分实在是精彩。傅高义先生的治学模式必须学习：讲求客观，注重证据；每一处细节都有史料来源，令人佩服。三联书店也不错，与港版对比虽有删减，但也保留了许多有争议的说法，基本保持了作者原意。主要还是尊重事实，不抛观点，留给读者自己去思考。,,book
中华民国外交史: 中华民国外交史,10773036,https://book.douban.com/subject/10773036/,/covers/books/10773036.jpg,,"2020-02-04
      读过",collect,读过,,,,book
遇到百分之百的女孩,1079440,https://book.douban.com/subject/1079440/,/covers/books/1079440.jpg,4,"2020-02-01
      读过",collect,读过,,一些“灵光一现”：《䴙䴘》隧道式走廊-《世界尽头与冷酷仙境》；《她的镇、她的绵羊》绵羊、羊-《舞舞舞》《寻羊冒险记》；《图书馆奇谈》图书馆、羊男、美少女与黑暗封闭空间-《世界尽头与冷酷仙境》《海边的卡夫卡》《拧发条鸟年代记》《寻羊冒险记》《刺杀骑士团长》；《尖角酥盛衰记》黑暗世界显形-《世界尽头》《卡夫卡》,,book
没有色彩的多崎作和他的巡礼之年,25733470,https://book.douban.com/subject/25733470/,/covers/books/25733470.jpg,5,"2020-01-31
      读过",collect,读过,,并不是所有东西都消失了，一些东西留下了。,,book
九篇雪,30473840,https://book.douban.com/subject/30473840/,/covers/books/30473840.jpg,2,"2020-01-29
      读过",collect,读过,,才气充溢 却矫揉造作,,book
我的阿勒泰,4884218,https://book.douban.com/subject/4884218/,/covers/books/4884218.jpg,5,"2020-01-29
      读过",collect,读过,,干净的灵性,,book
为什么是欧洲？: 世界史视角下的西方崛起（1500-1850）,4882056,https://book.douban.com/subject/4882056/,/covers/books/4882056.jpg,3,"2020-01-26
      读过",collect,读过,,很有宏观上的参考价值。但由于作为加州派其观点也有一定程度的局限性，如低估了制度革新与思想运动的作用、低估殖民与奴隶贸易对欧洲崛起的作用，忽略了军事与政治（尤其是军事工业），以及对马克思主义的看法存在争议。,,book
旧制度与大革命,1032063,https://book.douban.com/subject/1032063/,/covers/books/1032063.jpg,5,"2020-01-20
      读过",collect,读过,,生而自由的民族所痛恨的则是依附的弊病本身。“在自由中平等地生活着”，确实是法兰西民族的痛苦、荣耀与悲哀。,,book
无比美妙的痛苦,24871655,https://book.douban.com/subject/24871655/,/covers/books/24871655.jpg,4,"2020-01-19
      读过",collect,读过,,,,book
恋人絮语: 一个解构主义的文本,3765331,https://book.douban.com/subject/3765331/,/covers/books/3765331.jpg,5,"2020-01-16
      读过",collect,读过,,罗兰巴特通过“散点透视”把恋人之间微妙的关系和恋人的心理活动描写地十分精彩（或者说“精准”，但这个词不符合作者本意）。恋人的絮语很大程度上是尼采“酒神”精神的一种表现和延伸，属于“非理性的激情”范畴。书中一些结构主义、语言学史以及法语词汇构成和语法的部分不太理解。,,book
重建的世界: 梅特涅、卡斯尔雷与和平问题,26327548,https://book.douban.com/subject/26327548/,/covers/books/26327548.jpg,,"2020-01-02
      读过",collect,读过,,,,book
精灵宝钻,25957852,https://book.douban.com/subject/25957852/,/covers/books/25957852.jpg,5,"2020-01-02
      读过",collect,读过,,Odyssey,,book
洗澡,1078250,https://book.douban.com/subject/1078250/,/covers/books/1078250.jpg,4,"2019-12-30
      读过",collect,读过,,“月盈则亏，水满则溢。我们的爱情到这里就好了，我不要它溢出来。”,,book
八月之光,26267263,https://book.douban.com/subject/26267263/,/covers/books/26267263.jpg,5,"2019-12-30
      读过",collect,读过,,,,book
情人,3908240,https://book.douban.com/subject/3908240/,/covers/books/3908240.jpg,4,"2019-12-30
      读过",collect,读过,,《乌发碧眼》更好,,book
王小波全集 第六卷: 似水柔情,10199131,https://book.douban.com/subject/10199131/,/covers/books/10199131.jpg,4,"2019-12-30
      读过",collect,读过,,,,book
醉酒简史,30487081,https://book.douban.com/subject/30487081/,/covers/books/30487081.jpg,2,"2019-12-29
      读过",collect,读过,,学习累了拽过手边最近的一本书 消遣吧 也只有消遣了,,book
Salsa,1351678,https://book.douban.com/subject/1351678/,/covers/books/1351678.jpg,5,"2019-12-24
      读过",collect,读过,,充满象征与隐喻 原始又直接的激情 我的文风启蒙老师,,book
恶之花,1045365,https://book.douban.com/subject/1045365/,/covers/books/1045365.jpg,5,"2019-12-24
      读过",collect,读过,,热情洋溢的灵魂,,book
近现代国际关系史论纲,3818418,https://book.douban.com/subject/3818418/,/covers/books/3818418.jpg,,"2019-12-22
      读过",collect,读过,,,,book
沙与沫,1219090,https://book.douban.com/subject/1219090/,/covers/books/1219090.jpg,5,"2019-12-22
      读过",collect,读过,,,,book
小径分岔的花园,25796120,https://book.douban.com/subject/25796120/,/covers/books/25796120.jpg,5,"2019-12-22
      读过",collect,读过,,,,book
大国博弈,26220991,https://book.douban.com/subject/26220991/,/covers/books/26220991.jpg,2,"2019-12-21
      读过",collect,读过,,,,book
实践论,2979191,https://book.douban.com/subject/2979191/,/covers/books/2979191.jpg,,"2019-12-10
      读过",collect,读过,,从中找到了马原论文的选题hhh,,book
1973年的弹子球,3168460,https://book.douban.com/subject/3168460/,/covers/books/3168460.jpg,4,"2019-12-08
      读过",collect,读过,,,,book
像里兹饭店那样大的钻石,30156666,https://book.douban.com/subject/30156666/,/covers/books/30156666.jpg,3,"2019-12-07
      读过",collect,读过,,从床上自动滑进浴缸里也太夸张了 爵士时代纸醉金迷到如此程度,,book
奇鸟行状录,1212080,https://book.douban.com/subject/1212080/,/covers/books/1212080.jpg,5,"2019-12-05
      读过",collect,读过,,,,book
一九七三年的弹子球,1019428,https://book.douban.com/subject/1019428/,/covers/books/1019428.jpg,4,"2019-12-05
      读过",collect,读过,,,,book
斯普特尼克恋人,1020959,https://book.douban.com/subject/1020959/,/covers/books/1020959.jpg,5,"2019-12-05
      读过",collect,读过,,比喻过度 但是珍贵 一些焦躁状态下的写作 一些堆积的喷涌的刹不住车的形容词,,book
演讲的艺术,4849333,https://book.douban.com/subject/4849333/,/covers/books/4849333.jpg,4,"2019-12-05
      读过",collect,读过,,"Well...appreciate your patience and devotion, and thanks for those little jokes and your love for GoT lol.",,book
那些忧伤的年轻人,5321895,https://book.douban.com/subject/5321895/,/covers/books/5321895.jpg,4,"2019-12-05
      读过",collect,读过,,翻译真的太出戏（zuozuo）了…不过这本文集可以说是很典型的菲茨杰拉德了，可以很明显地看到他笔下的女性都带着泽尔达的影子。不得不说他和妻子相生相杀的人生经历也奠定了他作品的基调，同时与“爵士时代”的陨落很好地吻合。melancholy,,book
冬之夢: 費茲傑羅短篇傑作選,11614087,https://book.douban.com/subject/11614087/,/covers/books/11614087.jpg,5,"2019-11-22
      读过",collect,读过,,一代美國夢的逝去⋯But anyhow it is still THE American Dream⋯,,book
月亮和六便士,1858513,https://book.douban.com/subject/1858513/,/covers/books/1858513.jpg,5,"2019-11-21
      读过",collect,读过,,,,book
当我们谈论爱情时我们在谈论什么,4010969,https://book.douban.com/subject/4010969/,/covers/books/4010969.jpg,5,"2019-11-19
      读过",collect,读过,,我们为什么不跳个舞？,,book
飘（上下）,4893870,https://book.douban.com/subject/4893870/,/covers/books/4893870.jpg,5,"2019-11-03
      读过",collect,读过,,我带着我最诚挚的灵魂 期待明天,,book
傲慢与偏见,4881639,https://book.douban.com/subject/4881639/,/covers/books/4881639.jpg,4,"2019-11-03
      读过",collect,读过,,,,book
红与黑,26897469,https://book.douban.com/subject/26897469/,/covers/books/26897469.jpg,5,"2019-09-14
      读过",collect,读过,,这不仅是我的写作手法启蒙书，更是我对爱情观的启蒙书（所以我对于你来我往互相折腾的play无比热衷）但我还是没有想到这也是我花这么多💰的源泉…,,book
盛夏方程式,30317420,https://book.douban.com/subject/30317420/,/covers/books/30317420.jpg,3,"2019-08-26
      读过",collect,读过,,汤川教授仿佛夏天的风 剧情略微俗套 东野圭吾水平线之下,,book
蓝狗的眼睛,26534971,https://book.douban.com/subject/26534971/,/covers/books/26534971.jpg,4,"2019-08-01
      读过",collect,读过,,“因为到那一天她就会知道，每个星期天到她祭坛前弄乱她玫瑰的，并不是那来无影去无踪的风。”,,book
雪国,5063254,https://book.douban.com/subject/5063254/,/covers/books/5063254.jpg,4,"2019-07-28
      读过",collect,读过,,,,book
刺杀骑士团长,27199470,https://book.douban.com/subject/27199470/,/covers/books/27199470.jpg,5,"2019-07-27
      读过",collect,读过,,,,book
默读,27608412,https://book.douban.com/subject/27608412/,/covers/books/27608412.jpg,4,"2019-07-15
      读过",collect,读过,,骆队的人设我吃一辈子…,,book
东方快车谋杀案,1827374,https://book.douban.com/subject/1827374/,/covers/books/1827374.jpg,4,"2019-06-30
      读过",collect,读过,,,,book
千只鹤: 川端康成作品02,24736900,https://book.douban.com/subject/24736900/,/covers/books/24736900.jpg,4,"2019-06-30
      读过",collect,读过,,我爱你，但我不懂我到底该如何爱你，我一想到爱你竟是一件如此罪恶的事，我便愈发觉得自己罪孽深重而想到死亡。,,book
海边的卡夫卡,2158189,https://book.douban.com/subject/2158189/,/covers/books/2158189.jpg,5,"2019-05-11
      读过",collect,读过,,,,book
且听风吟,1039752,https://book.douban.com/subject/1039752/,/covers/books/1039752.jpg,5,"2019-05-11
      读过",collect,读过,,读过《多崎作》重读，或许多崎作找到了这本书中的答案|迄今为止我认为最“村上”的作品。,,book
挪威的森林,2159042,https://book.douban.com/subject/2159042/,/covers/books/2159042.jpg,5,"2019-05-11
      读过",collect,读过,,,,book
君主论,1060774,https://book.douban.com/subject/1060774/,/covers/books/1060774.jpg,5,"2019-04-25
      读过",collect,读过,,午夜善恶花园、暴力美学、两种“血质”,,book
世纪末的华丽: 小说集1988-1990,4621342,https://book.douban.com/subject/4621342/,/covers/books/4621342.jpg,5,"2019-04-12
      读过",collect,读过,,我拒絕理論與制度，我要嗅覺和顏色。,,book
金锁记,3017857,https://book.douban.com/subject/3017857/,/covers/books/3017857.jpg,5,"2019-03-29
      读过",collect,读过,,,,book
寻羊冒险记,1031740,https://book.douban.com/subject/1031740/,/covers/books/1031740.jpg,5,"2019-03-23
      读过",collect,读过,,,,book
雾都孤儿,1203251,https://book.douban.com/subject/1203251/,/covers/books/1203251.jpg,4,"2019-03-23
      读过",collect,读过,,,,book
舞！舞！舞！,1020670,https://book.douban.com/subject/1020670/,/covers/books/1020670.jpg,5,"2019-03-23
      读过",collect,读过,,,,book
一千零一夜,1035848,https://book.douban.com/subject/1035848/,/covers/books/1035848.jpg,,"2019-03-23
      读过",collect,读过,,,,book
国境以南 太阳以西,1015452,https://book.douban.com/subject/1015452/,/covers/books/1015452.jpg,5,"2019-03-23
      读过",collect,读过,,Star-Crossed Lovers，继这本书之后成为了我最爱的题材。,,book
变形记: 卡夫卡小说,1213546,https://book.douban.com/subject/1213546/,/covers/books/1213546.jpg,,"2019-03-23
      读过",collect,读过,,,,book
世界尽头与冷酷仙境,1291809,https://book.douban.com/subject/1291809/,/covers/books/1291809.jpg,5,"2019-03-23
      读过",collect,读过,,村上恨不得在你耳边大喊：“你这小子看好了哟，这就是隐喻！”,,book
夏洛的网,1036274,https://book.douban.com/subject/1036274/,/covers/books/1036274.jpg,,"2019-03-23
      读过",collect,读过,,,,book
中国历代政治得失,1003479,https://book.douban.com/subject/1003479/,/covers/books/1003479.jpg,,"2019-03-23
      读过",collect,读过,,,,book
狂人日记,1398395,https://book.douban.com/subject/1398395/,/covers/books/1398395.jpg,,"2019-03-23
      读过",collect,读过,,,,book
西游记（全二册）,1029553,https://book.douban.com/subject/1029553/,/covers/books/1029553.jpg,,"2019-03-23
      读过",collect,读过,,,,book
雷雨,1013416,https://book.douban.com/subject/1013416/,/covers/books/1013416.jpg,4,"2019-03-23
      读过",collect,读过,,,,book
长恨歌,1082349,https://book.douban.com/subject/1082349/,/covers/books/1082349.jpg,5,"2019-03-23
      读过",collect,读过,,,,book
飞鸟集,1058661,https://book.douban.com/subject/1058661/,/covers/books/1058661.jpg,5,"2019-03-23
      读过",collect,读过,,,,book
悲惨世界（上中下）,1205054,https://book.douban.com/subject/1205054/,/covers/books/1205054.jpg,,"2019-03-23
      读过",collect,读过,,,,book
海底两万里,1085470,https://book.douban.com/subject/1085470/,/covers/books/1085470.jpg,,"2019-03-23
      读过",collect,读过,,,,book
麦琪的礼物: 欧·亨利短篇小说经典,1051193,https://book.douban.com/subject/1051193/,/covers/books/1051193.jpg,,"2019-03-23
      读过",collect,读过,,,,book
月亮忘記了,1358873,https://book.douban.com/subject/1358873/,/covers/books/1358873.jpg,,"2019-03-23
      读过",collect,读过,,,,book
朝花夕拾,1449352,https://book.douban.com/subject/1449352/,/covers/books/1449352.jpg,,"2019-03-23
      读过",collect,读过,,,,book
孩子你慢慢来,4207781,https://book.douban.com/subject/4207781/,/covers/books/4207781.jpg,,"2019-03-23
      读过",collect,读过,,,,book
格林童话全集,1043008,https://book.douban.com/subject/1043008/,/covers/books/1043008.jpg,,"2019-03-23
      读过",collect,读过,,,,book
梦里花落知多少,2070844,https://book.douban.com/subject/2070844/,/covers/books/2070844.jpg,5,"2019-03-23
      读过",collect,读过,,,,book
阿Q正传,1088065,https://book.douban.com/subject/1088065/,/covers/books/1088065.jpg,,"2019-03-23
      读过",collect,读过,,,,book
月亮与六便士,26954760,https://book.douban.com/subject/26954760/,/covers/books/26954760.jpg,5,"2019-03-23
      读过",collect,读过,,,,book
城南旧事: 纪念普及版,1254588,https://book.douban.com/subject/1254588/,/covers/books/1254588.jpg,,"2019-03-23
      读过",collect,读过,,,,book
半生缘,1963684,https://book.douban.com/subject/1963684/,/covers/books/1963684.jpg,5,"2019-03-23
      读过",collect,读过,,,,book
安徒生童话故事集,1046209,https://book.douban.com/subject/1046209/,/covers/books/1046209.jpg,,"2019-03-23
      读过",collect,读过,,,,book
红玫瑰与白玫瑰,1014278,https://book.douban.com/subject/1014278/,/covers/books/1014278.jpg,4,"2019-03-23
      读过",collect,读过,,,,book
动物农场,2035179,https://book.douban.com/subject/2035179/,/covers/books/2035179.jpg,4,"2019-03-23
      读过",collect,读过,,,,book
呐喊,1449351,https://book.douban.com/subject/1449351/,/covers/books/1449351.jpg,4,"2019-03-23
      读过",collect,读过,,,,book
羊脂球,1205370,https://book.douban.com/subject/1205370/,/covers/books/1205370.jpg,4,"2019-03-23
      读过",collect,读过,,,,book
巴黎圣母院,1024197,https://book.douban.com/subject/1024197/,/covers/books/1024197.jpg,4,"2019-03-23
      读过",collect,读过,,,,book
无人生还,3006581,https://book.douban.com/subject/3006581/,/covers/books/3006581.jpg,4,"2019-03-23
      读过",collect,读过,,,,book
了不起的盖茨比,1008988,https://book.douban.com/subject/1008988/,/covers/books/1008988.jpg,5,"2019-03-23
      读过",collect,读过,,,,book
情书,1080370,https://book.douban.com/subject/1080370/,/covers/books/1080370.jpg,5,"2019-03-23
      读过",collect,读过,,,,book
骆驼祥子,1043815,https://book.douban.com/subject/1043815/,/covers/books/1043815.jpg,4,"2019-03-23
      读过",collect,读过,,,,book
福尔摩斯探案全集（上中下）,1040211,https://book.douban.com/subject/1040211/,/covers/books/1040211.jpg,4,"2019-03-23
      读过",collect,读过,,,,book
白鹿原,1085799,https://book.douban.com/subject/1085799/,/covers/books/1085799.jpg,5,"2019-03-23
      读过",collect,读过,,,,book
海边的卡夫卡,1059419,https://book.douban.com/subject/1059419/,/covers/books/1059419.jpg,5,"2019-03-23
      读过",collect,读过,,,,book
灿烂千阳,2143732,https://book.douban.com/subject/2143732/,/covers/books/2143732.jpg,4,"2019-03-23
      读过",collect,读过,,,,book
基督山伯爵,1085860,https://book.douban.com/subject/1085860/,/covers/books/1085860.jpg,5,"2019-03-23
      读过",collect,读过,,二刷的时候发现这真的是我很爱很爱的一部小说了,,book
亲爱的安德烈,3369793,https://book.douban.com/subject/3369793/,/covers/books/3369793.jpg,4,"2019-03-23
      读过",collect,读过,,,,book
哈利·波特与死亡圣器,2295163,https://book.douban.com/subject/2295163/,/covers/books/2295163.jpg,5,"2019-03-23
      读过",collect,读过,,,,book
牧羊少年奇幻之旅,3608208,https://book.douban.com/subject/3608208/,/covers/books/3608208.jpg,5,"2019-03-23
      读过",collect,读过,,,,book
哈利·波特与凤凰社,1013129,https://book.douban.com/subject/1013129/,/covers/books/1013129.jpg,5,"2019-03-23
      读过",collect,读过,,,,book
三国演义（全二册）,1019568,https://book.douban.com/subject/1019568/,/covers/books/1019568.jpg,,"2019-03-23
      读过",collect,读过,,,,book
1984,4820710,https://book.douban.com/subject/4820710/,/covers/books/4820710.jpg,4,"2019-03-23
      读过",collect,读过,,,,book
老人与海,1064275,https://book.douban.com/subject/1064275/,/covers/books/1064275.jpg,4,"2019-03-23
      读过",collect,读过,,,,book
哈利·波特与混血王子,1432596,https://book.douban.com/subject/1432596/,/covers/books/1432596.jpg,5,"2019-03-23
      读过",collect,读过,,,,book
黄金时代: 时代三部曲,1089243,https://book.douban.com/subject/1089243/,/covers/books/1089243.jpg,5,"2019-03-23
      读过",collect,读过,,,,book
人间失格,4011670,https://book.douban.com/subject/4011670/,/covers/books/4011670.jpg,3,"2019-03-23
      读过",collect,读过,,也许我情绪正常不配读它， 只是无法理解而已。,,book
窗边的小豆豆,1007914,https://book.douban.com/subject/1007914/,/covers/books/1007914.jpg,,"2019-03-23
      读过",collect,读过,,,,book
穆斯林的葬礼,1082334,https://book.douban.com/subject/1082334/,/covers/books/1082334.jpg,3,"2019-03-23
      读过",collect,读过,,,,book
哈利·波特与密室,1039487,https://book.douban.com/subject/1039487/,/covers/books/1039487.jpg,5,"2019-03-23
      读过",collect,读过,,,,book
哈利·波特与火焰杯,1009257,https://book.douban.com/subject/1009257/,/covers/books/1009257.jpg,5,"2019-03-23
      读过",collect,读过,,,,book
情人,1400705,https://book.douban.com/subject/1400705/,/covers/books/1400705.jpg,5,"2019-03-23
      读过",collect,读过,,,,book
哈利·波特与阿兹卡班的囚徒,1071241,https://book.douban.com/subject/1071241/,/covers/books/1071241.jpg,5,"2019-03-23
      读过",collect,读过,,,,book
边城,1057244,https://book.douban.com/subject/1057244/,/covers/books/1057244.jpg,4,"2019-03-23
      读过",collect,读过,,,,book
倾城之恋,1090043,https://book.douban.com/subject/1090043/,/covers/books/1090043.jpg,5,"2019-03-23
      读过",collect,读过,,,,book
撒哈拉的故事: 撒哈拉的故事,1361264,https://book.douban.com/subject/1361264/,/covers/books/1361264.jpg,5,"2019-03-23
      读过",collect,读过,,,,book
霍乱时期的爱情,10594787,https://book.douban.com/subject/10594787/,/covers/books/10594787.jpg,5,"2019-03-23
      读过",collect,读过,,他和他体内吞入的香水一起瘫倒在岸边,,book
飘,1068920,https://book.douban.com/subject/1068920/,/covers/books/1068920.jpg,5,"2019-03-23
      读过",collect,读过,,可他的心会死吗 他会忘记她吗,,book
恶意,3646172,https://book.douban.com/subject/3646172/,/covers/books/3646172.jpg,4,"2019-03-23
      读过",collect,读过,,,,book
目送,3995526,https://book.douban.com/subject/3995526/,/covers/books/3995526.jpg,4,"2019-03-23
      读过",collect,读过,,,,book
傲慢与偏见,1083428,https://book.douban.com/subject/1083428/,/covers/books/1083428.jpg,5,"2019-03-23
      读过",collect,读过,,,,book
简爱（英文全本）,1141406,https://book.douban.com/subject/1141406/,/covers/books/1141406.jpg,4,"2019-03-23
      读过",collect,读过,,,,book
哈利·波特与魔法石,1041007,https://book.douban.com/subject/1041007/,/covers/books/1041007.jpg,5,"2019-03-23
      读过",collect,读过,,,,book
三体Ⅲ: 死神永生,5363767,https://book.douban.com/subject/5363767/,/covers/books/5363767.jpg,5,"2019-03-23
      读过",collect,读过,,,,book
三体Ⅱ: 黑暗森林,3066477,https://book.douban.com/subject/3066477/,/covers/books/3066477.jpg,5,"2019-03-23
      读过",collect,读过,,,,book
不能承受的生命之轻,1017143,https://book.douban.com/subject/1017143/,/covers/books/1017143.jpg,5,"2019-03-23
      读过",collect,读过,,,,book
平凡的世界（全三部）,1200840,https://book.douban.com/subject/1200840/,/covers/books/1200840.jpg,4,"2019-03-23
      读过",collect,读过,,,,book
红楼梦,1007305,https://book.douban.com/subject/1007305/,/covers/books/1007305.jpg,5,"2019-03-23
      读过",collect,读过,,,,book
百年孤独,6082808,https://book.douban.com/subject/6082808/,/covers/books/6082808.jpg,5,"2019-03-23
      读过",collect,读过,,我要同蕾梅黛丝一样，向死而生，在黄蝴蝶的缠绕与包裹中死去。,,book
活着,4913064,https://book.douban.com/subject/4913064/,/covers/books/4913064.jpg,5,"2019-03-23
      读过",collect,读过,,,,book
挪威的森林,1046265,https://book.douban.com/subject/1046265/,/covers/books/1046265.jpg,5,"2019-03-23
      读过",collect,读过,,或许借用《且听风吟》中的比喻，列一份清单，中间用竖线隔开，左边是直子，右边是绿子，我在这条竖线上奔跑，时而偏左时而偏右，偏向一方时另一方便会用无形的力把我拉向对岸。,,book
嫌疑人X的献身,3211779,https://book.douban.com/subject/3211779/,/covers/books/3211779.jpg,4,"2019-03-23
      读过",collect,读过,,,,book
三体: “地球往事”三部曲之一,2567698,https://book.douban.com/subject/2567698/,/covers/books/2567698.jpg,4,"2019-03-23
      读过",collect,读过,,,,book
围城,1008145,https://book.douban.com/subject/1008145/,/covers/books/1008145.jpg,5,"2019-03-23
      读过",collect,读过,,,,book
白夜行,3259440,https://book.douban.com/subject/3259440/,/covers/books/3259440.jpg,5,"2019-03-23
      读过",collect,读过,,,,book
小王子,1084336,https://book.douban.com/subject/1084336/,/covers/books/1084336.jpg,5,"2019-03-23
      读过",collect,读过,,,,book
解忧杂货店,25862578,https://book.douban.com/subject/25862578/,/covers/books/25862578.jpg,4,"2019-03-23
      读过",collect,读过,,,,book
追风筝的人,1770782,https://book.douban.com/subject/1770782/,/covers/books/1770782.jpg,4,"2019-03-23
      读过",collect,读过,,,,book
野菩萨,36490318,https://book.douban.com/subject/36490318/,/covers/books/36490318.jpg,,"2026-04-12
      想读",wish,想读,,,,book
映画はどこにある―インディペンデント映画の新しい波,25823466,https://book.douban.com/subject/25823466/,/covers/books/25823466.jpg,,"2026-02-07
      想读",wish,想读,,,,book
献灯使,36831351,https://book.douban.com/subject/36831351/,/covers/books/36831351.jpg,,"2025-08-18
      想读",wish,想读,,,,book
鄙视,35482123,https://book.douban.com/subject/35482123/,/covers/books/35482123.jpg,,"2025-08-16
      想读",wish,想读,,,,book
所有人都刻薄又邪恶,37136335,https://book.douban.com/subject/37136335/,/covers/books/37136335.jpg,,"2025-08-16
      想读",wish,想读,,,,book
枯花的气味,37403766,https://book.douban.com/subject/37403766/,/covers/books/37403766.jpg,,"2025-08-16
      想读",wish,想读,,,,book
鳄鱼手记,35512887,https://book.douban.com/subject/35512887/,/covers/books/35512887.jpg,,"2025-07-09
      想读",wish,想读,,,,book
年轻男人,36331622,https://book.douban.com/subject/36331622/,/covers/books/36331622.jpg,,"2025-07-02
      想读",wish,想读,,,,book
羞耻,36331205,https://book.douban.com/subject/36331205/,/covers/books/36331205.jpg,,"2025-07-02
      想读",wish,想读,,,,book
简单的激情,36429692,https://book.douban.com/subject/36429692/,/covers/books/36429692.jpg,,"2025-07-02
      想读",wish,想读,,,,book
Crying in H Mart: A Memoir,35283332,https://book.douban.com/subject/35283332/,/covers/books/35283332.jpg,,"2025-06-24
      想读",wish,想读,,,,book
最初的爱情 最后的仪式,4011440,https://book.douban.com/subject/4011440/,/covers/books/4011440.jpg,,"2025-03-28
      想读",wish,想读,,,,book
暮色将尽,36020007,https://book.douban.com/subject/36020007/,/covers/books/36020007.jpg,,"2025-01-04
      想读",wish,想读,,,,book
碎片,34933701,https://book.douban.com/subject/34933701/,/covers/books/34933701.jpg,,"2024-12-24
      想读",wish,想读,,,,book
你的夏天还好吗？,36109174,https://book.douban.com/subject/36109174/,/covers/books/36109174.jpg,,"2024-10-17
      想读",wish,想读,,,,book
想象的博物馆: 珍奇室艺术史,36577004,https://book.douban.com/subject/36577004/,/covers/books/36577004.jpg,,"2024-10-17
      想读",wish,想读,,,,book
见证疯狂: 精神病院的前世今生,36199183,https://book.douban.com/subject/36199183/,/covers/books/36199183.jpg,,"2024-10-17
      想读",wish,想读,,,,book
梦之囚徒：起源,35030443,https://book.douban.com/subject/35030443/,/covers/books/35030443.jpg,,"2024-10-17
      想读",wish,想读,,,,book
大众文化的女性主义指南,36930643,https://book.douban.com/subject/36930643/,/covers/books/36930643.jpg,,"2024-10-11
      想读",wish,想读,,,,book
爱，以及其他,30172063,https://book.douban.com/subject/30172063/,/covers/books/30172063.jpg,,"2024-04-08
      想读",wish,想读,,,,book
生死疲劳,35587028,https://book.douban.com/subject/35587028/,/covers/books/35587028.jpg,,"2023-12-29
      想读",wish,想读,,,,book
最好的時光: 電影本事、分場劇本　以及　所有關於電影的,3017000,https://book.douban.com/subject/3017000/,/covers/books/3017000.jpg,,"2023-11-18
      想读",wish,想读,,,,book
中国绅士,1740073,https://book.douban.com/subject/1740073/,/covers/books/1740073.jpg,,"2023-03-25
      想读",wish,想读,,,,book
乡土中国,1795079,https://book.douban.com/subject/1795079/,/covers/books/1795079.jpg,,"2023-03-25
      想读",wish,想读,,,,book
独裁者手册: 为什么坏行为几乎总是好政治,25881102,https://book.douban.com/subject/25881102/,/covers/books/25881102.jpg,,"2022-10-16
      想读",wish,想读,,,,book
当代政治哲学,26389495,https://book.douban.com/subject/26389495/,/covers/books/26389495.jpg,,"2022-08-30
      想读",wish,想读,,,,book
粉红色噪音,2216174,https://book.douban.com/subject/2216174/,/covers/books/2216174.jpg,,"2022-07-14
      想读",wish,想读,,,,book
天真与经验之歌,11511228,https://book.douban.com/subject/11511228/,/covers/books/11511228.jpg,,"2022-06-05
      想读",wish,想读,,,,book
红死魔的面具,1414980,https://book.douban.com/subject/1414980/,/covers/books/1414980.jpg,,"2022-05-21
      想读",wish,想读,,,,book
农民自杀研究,26260799,https://book.douban.com/subject/26260799/,/covers/books/26260799.jpg,,"2022-05-17
      想读",wish,想读,,,,book
纵情夏日,35045215,https://book.douban.com/subject/35045215/,/covers/books/35045215.jpg,,"2022-05-15
      想读",wish,想读,,,,book
只是孩子,26939269,https://book.douban.com/subject/26939269/,/covers/books/26939269.jpg,,"2022-04-02
      想读",wish,想读,,,,book
酒吧长谈,34933180,https://book.douban.com/subject/34933180/,/covers/books/34933180.jpg,,"2022-03-03
      想读",wish,想读,,,,book
离经叛道: 不按常理出牌的人如何改变世界,26823208,https://book.douban.com/subject/26823208/,/covers/books/26823208.jpg,,"2021-12-27
      想读",wish,想读,,,,book
字母表谜案,35390390,https://book.douban.com/subject/35390390/,/covers/books/35390390.jpg,,"2021-12-27
      想读",wish,想读,,,,book
事件,26723539,https://book.douban.com/subject/26723539/,/covers/books/26723539.jpg,,"2021-12-04
      想读",wish,想读,,,,book
荒人手记,3662594,https://book.douban.com/subject/3662594/,/covers/books/3662594.jpg,,"2021-12-02
      想读",wish,想读,,,,book
身份政治: 对尊严与认同的渴求,35604961,https://book.douban.com/subject/35604961/,/covers/books/35604961.jpg,,"2021-10-28
      想读",wish,想读,,,,book
坐在走廊里的男人,11446404,https://book.douban.com/subject/11446404/,/covers/books/11446404.jpg,,"2021-10-09
      想读",wish,想读,,,,book
橘子不是唯一的水果,4882159,https://book.douban.com/subject/4882159/,/covers/books/4882159.jpg,,"2021-10-07
      想读",wish,想读,,,,book
大幻想: 自由主义之梦与国际现实,34879908,https://book.douban.com/subject/34879908/,/covers/books/34879908.jpg,,"2021-09-22
      想读",wish,想读,,,,book
我们的土地,35513170,https://book.douban.com/subject/35513170/,/covers/books/35513170.jpg,,"2021-08-06
      想读",wish,想读,,,,book
可持续能源: 事实与真相,25753101,https://book.douban.com/subject/25753101/,/covers/books/25753101.jpg,,"2021-07-08
      想读",wish,想读,,,,book
自杀论: 社会学研究,1274469,https://book.douban.com/subject/1274469/,/covers/books/1274469.jpg,,"2021-07-07
      想读",wish,想读,,,,book
星形广场,27082278,https://book.douban.com/subject/27082278/,/covers/books/27082278.jpg,,"2021-07-04
      想读",wish,想读,,,,book
山月记,20473505,https://book.douban.com/subject/20473505/,/covers/books/20473505.jpg,,"2021-07-04
      想读",wish,想读,,,,book
向您告知，明天我们一家就要被杀: 卢旺达大屠杀纪事,35023969,https://book.douban.com/subject/35023969/,/covers/books/35023969.jpg,,"2021-06-13
      想读",wish,想读,,,,book
存在主义咖啡馆: 自由、存在和杏子鸡尾酒,27170538,https://book.douban.com/subject/27170538/,/covers/books/27170538.jpg,,"2021-04-22
      想读",wish,想读,,,,book
深夜小狗神秘事件,5988558,https://book.douban.com/subject/5988558/,/covers/books/5988558.jpg,,"2021-03-22
      想读",wish,想读,,,,book
如何阅读一本书,1013208,https://book.douban.com/subject/1013208/,/covers/books/1013208.jpg,,"2021-03-04
      想读",wish,想读,,,,book
无政府社会: 世界政治秩序研究,1139389,https://book.douban.com/subject/1139389/,/covers/books/1139389.jpg,,"2021-03-04
      想读",wish,想读,,,,book
苏联的心灵: 共产主义时代的俄国文化,4212276,https://book.douban.com/subject/4212276/,/covers/books/4212276.jpg,,"2021-03-01
      想读",wish,想读,,,,book
自由论,6052799,https://book.douban.com/subject/6052799/,/covers/books/6052799.jpg,,"2021-03-01
      想读",wish,想读,,,,book
布劳提根诗选,34434962,https://book.douban.com/subject/34434962/,/covers/books/34434962.jpg,,"2021-02-08
      想读",wish,想读,,,,book
恋文的技术,6549536,https://book.douban.com/subject/6549536/,/covers/books/6549536.jpg,,"2021-02-05
      想读",wish,想读,,,,book
弃猫: 当我谈起父亲时,35277887,https://book.douban.com/subject/35277887/,/covers/books/35277887.jpg,,"2021-02-05
      想读",wish,想读,,,,book
万寿寺,27143188,https://book.douban.com/subject/27143188/,/covers/books/27143188.jpg,,"2021-02-02
      想读",wish,想读,,,,book
危险动物,35272794,https://book.douban.com/subject/35272794/,/covers/books/35272794.jpg,,"2021-02-01
      想读",wish,想读,,,,book
失明症漫记,20428302,https://book.douban.com/subject/20428302/,/covers/books/20428302.jpg,,"2021-01-20
      想读",wish,想读,,,,book
人造天堂,3360614,https://book.douban.com/subject/3360614/,/covers/books/3360614.jpg,,"2021-01-19
      想读",wish,想读,,,,book
一切坚固的东西都烟消云散了: 现代性体验,25853524,https://book.douban.com/subject/25853524/,/covers/books/25853524.jpg,,"2021-01-16
      想读",wish,想读,,,,book
黑箱：日本之耻,30484795,https://book.douban.com/subject/30484795/,/covers/books/30484795.jpg,,"2021-01-16
      想读",wish,想读,,,,book
消失的地平线,26437349,https://book.douban.com/subject/26437349/,/covers/books/26437349.jpg,,"2021-01-15
      想读",wish,想读,,,,book
糜骨之壤,35272698,https://book.douban.com/subject/35272698/,/covers/books/35272698.jpg,,"2021-01-12
      想读",wish,想读,,,,book
大外交,7052073,https://book.douban.com/subject/7052073/,/covers/books/7052073.jpg,,"2021-01-10
      想读",wish,想读,,,,book
用电影燃尽欲望,35083657,https://book.douban.com/subject/35083657/,/covers/books/35083657.jpg,,"2020-12-31
      想读",wish,想读,,,,book
寂寞的游戏,27104286,https://book.douban.com/subject/27104286/,/covers/books/27104286.jpg,,"2020-12-30
      想读",wish,想读,,,,book
电影美学,1155250,https://book.douban.com/subject/1155250/,/covers/books/1155250.jpg,,"2020-12-26
      想读",wish,想读,,1952,,book
日本十五年侵略战争史,26736806,https://book.douban.com/subject/26736806/,/covers/books/26736806.jpg,,"2020-12-03
      想读",wish,想读,,,,book
日本新中产阶级,26909585,https://book.douban.com/subject/26909585/,/covers/books/26909585.jpg,,"2020-12-03
      想读",wish,想读,,,,book
以色列游说集团与美国对外政策,4055787,https://book.douban.com/subject/4055787/,/covers/books/4055787.jpg,,"2020-11-25
      想读",wish,想读,,,,book
战争留下了什么: 战后一代的鹤见俊辅访谈,26394958,https://book.douban.com/subject/26394958/,/covers/books/26394958.jpg,,"2020-11-19
      想读",wish,想读,,,,book
故土的陌生人: 美国保守派的愤怒与哀痛,35006231,https://book.douban.com/subject/35006231/,/covers/books/35006231.jpg,,"2020-11-11
      想读",wish,想读,,,,book
民主转型与巩固的问题: 南欧、南美和后共产主义的欧洲,2972538,https://book.douban.com/subject/2972538/,/covers/books/2972538.jpg,,"2020-11-09
      想读",wish,想读,,,,book
拥抱战败: 第二次世界大战后的日本,26418529,https://book.douban.com/subject/26418529/,/covers/books/26418529.jpg,,"2020-11-05
      想读",wish,想读,,,,book
摆脱战败: 日本外交战略转型的国内政治根源,35083154,https://book.douban.com/subject/35083154/,/covers/books/35083154.jpg,,"2020-11-05
      想读",wish,想读,,,,book
外交与建筑: 美国海外使领馆建造实录,5286701,https://book.douban.com/subject/5286701/,/covers/books/5286701.jpg,,"2020-10-30
      想读",wish,想读,,,,book
美国的艺伎盟友: 重新想象敌国日本,6855029,https://book.douban.com/subject/6855029/,/covers/books/6855029.jpg,,"2020-10-29
      想读",wish,想读,,,,book
我心深处,34973247,https://book.douban.com/subject/34973247/,/covers/books/34973247.jpg,,"2020-10-29
      想读",wish,想读,,,,book
21世纪资本论: Capital in the Twenty-First Century,25947310,https://book.douban.com/subject/25947310/,/covers/books/25947310.jpg,,"2020-10-15
      想读",wish,想读,,,,book
伪满洲国（上下）,1025103,https://book.douban.com/subject/1025103/,/covers/books/1025103.jpg,,"2020-10-15
      想读",wish,想读,,,,book
"Bananas, Beaches and Bases: Making Feminist Sense of International Politics",3379130,https://book.douban.com/subject/3379130/,/covers/books/3379130.jpg,,"2020-10-10
      想读",wish,想读,,,,book
The Morning After: Sexual Politics at the End of the Cold War,1987386,https://book.douban.com/subject/1987386/,/covers/books/1987386.jpg,,"2020-10-10
      想读",wish,想读,,,,book
现代世界体系（第一卷）: 16世纪的资本主义农业与欧洲世界经济体的起源,1017064,https://book.douban.com/subject/1017064/,/covers/books/1017064.jpg,,"2020-09-24
      想读",wish,想读,,,,book
“民主”与“爱国”: 战后日本的民族主义与公共性,35003679,https://book.douban.com/subject/35003679/,/covers/books/35003679.jpg,,"2020-09-24
      想读",wish,想读,,,,book
掉队的拉美: 民粹主义的致命诱惑,33395248,https://book.douban.com/subject/33395248/,/covers/books/33395248.jpg,,"2020-09-10
      想读",wish,想读,,,,book
援助的死亡,5348650,https://book.douban.com/subject/5348650/,/covers/books/5348650.jpg,,"2020-09-10
      想读",wish,想读,,,,book
日本社会,1783128,https://book.douban.com/subject/1783128/,/covers/books/1783128.jpg,,"2020-09-10
      想读",wish,想读,,,,book
日本政治史（全四册）,1005561,https://book.douban.com/subject/1005561/,/covers/books/1005561.jpg,,"2020-09-10
      想读",wish,想读,,,,book
武士道,1013058,https://book.douban.com/subject/1013058/,/covers/books/1013058.jpg,,"2020-09-10
      想读",wish,想读,,,,book
彼时此时: 马基雅维利在伊莫拉,21334460,https://book.douban.com/subject/21334460/,/covers/books/21334460.jpg,,"2020-09-01
      想读",wish,想读,,,,book
雕刻时光,26435510,https://book.douban.com/subject/26435510/,/covers/books/26435510.jpg,,"2020-06-11
      想读",wish,想读,,,,book
形而上学俱乐部: 美国思想的故事,35024534,https://book.douban.com/subject/35024534/,/covers/books/35024534.jpg,,"2020-06-10
      想读",wish,想读,,,,book
自然社会: 自然法与现代道德世界的形成,26320417,https://book.douban.com/subject/26320417/,/covers/books/26320417.jpg,,"2020-06-09
      想读",wish,想读,,,,book
雾岛夜随,34899025,https://book.douban.com/subject/34899025/,/covers/books/34899025.jpg,,"2020-06-02
      想读",wish,想读,,,,book
迎向灵光消逝的年代: 本雅明论艺术,1000213,https://book.douban.com/subject/1000213/,/covers/books/1000213.jpg,,"2020-05-19
      想读",wish,想读,,,,book
发达资本主义时代的抒情诗人: 论波德莱尔,1276479,https://book.douban.com/subject/1276479/,/covers/books/1276479.jpg,,"2020-05-19
      想读",wish,想读,,,,book
“荡妇”法兰德斯自传,2978934,https://book.douban.com/subject/2978934/,/covers/books/2978934.jpg,,"2020-05-14
      想读",wish,想读,,,,book
牛津大学哲学通识课：政治哲学,33436180,https://book.douban.com/subject/33436180/,/covers/books/33436180.jpg,,"2020-05-09
      想读",wish,想读,,,,book
生死场,1317899,https://book.douban.com/subject/1317899/,/covers/books/1317899.jpg,,"2020-05-06
      想读",wish,想读,,,,book
呼兰河传: 1947年版本・原版珍藏,1060852,https://book.douban.com/subject/1060852/,/covers/books/1060852.jpg,,"2020-05-05
      想读",wish,想读,,,,book
九三年,5406571,https://book.douban.com/subject/5406571/,/covers/books/5406571.jpg,,"2020-04-20
      想读",wish,想读,,,,book
论特权 第三等级是什么？,1266436,https://book.douban.com/subject/1266436/,/covers/books/1266436.jpg,,"2020-04-20
      想读",wish,想读,,,,book
Natural Right and History,1428547,https://book.douban.com/subject/1428547/,/covers/books/1428547.jpg,,"2020-03-29
      想读",wish,想读,,,,book
自然权利与历史,1077428,https://book.douban.com/subject/1077428/,/covers/books/1077428.jpg,,"2020-03-29
      想读",wish,想读,,,,book
鳄鱼街: 布鲁诺·舒尔茨小说全集,26681991,https://book.douban.com/subject/26681991/,/covers/books/26681991.jpg,,"2020-03-19
      想读",wish,想读,,,,book
政治诗学: 本雅明思想的当代阐释,6888662,https://book.douban.com/subject/6888662/,/covers/books/6888662.jpg,,"2020-03-15
      想读",wish,想读,,,,book
解体概要,4766921,https://book.douban.com/subject/4766921/,/covers/books/4766921.jpg,,"2020-02-27
      想读",wish,想读,,,,book
少年维特的烦恼,1047138,https://book.douban.com/subject/1047138/,/covers/books/1047138.jpg,,"2020-01-14
      想读",wish,想读,,,,book
黑暗时代的爱: 从王尔德到阿莫多瓦,34826151,https://book.douban.com/subject/34826151/,/covers/books/34826151.jpg,,"2020-01-12
      想读",wish,想读,,,,book
发展史: 从西方的起源到全球的信仰,26992703,https://book.douban.com/subject/26992703/,/covers/books/26992703.jpg,,"2020-01-03
      想读",wish,想读,,,,book
大师与玛格丽特,1016911,https://book.douban.com/subject/1016911/,/covers/books/1016911.jpg,,"2019-12-28
      想读",wish,想读,,,,book
快乐的科学,1949782,https://book.douban.com/subject/1949782/,/covers/books/1949782.jpg,,"2019-12-25
      想读",wish,想读,,,,book
群魔,1437488,https://book.douban.com/subject/1437488/,/covers/books/1437488.jpg,,"2019-08-01
      想读",wish,想读,,,,book
卡拉马佐夫兄弟,1856494,https://book.douban.com/subject/1856494/,/covers/books/1856494.jpg,,"2019-07-07
      想读",wish,想读,,,,book
一个叫欧维的男人决定去死,26672693,https://book.douban.com/subject/26672693/,/covers/books/26672693.jpg,,"2019-03-23
      想读",wish,想读,,,,book
看不见的城市,1863930,https://book.douban.com/subject/1863930/,/covers/books/1863930.jpg,,"2019-03-23
      想读",wish,想读,,,,book
弹珠游戏,38220071,https://book.douban.com/subject/38220071/,/covers/books/38220071.jpg,,"2026-04-12
      在读",do,在读,,,,book
回归故里,34942789,https://book.douban.com/subject/34942789/,/covers/books/34942789.jpg,,"2026-01-30
      在读",do,在读,,,,book
